<?xml version="1.0" encoding="UTF-8" standalone="yes"?>
<service serviceGroup="" cachable="false" cacheduration="" endpoint="default" groupType="" id="enviarCertificadoLoyalty" passwordencrypted="true" security="public" type="soapserviceConnector" smscode="" smsenabled="false">
    <service-config>
        <config-param api-version="" appid="" name="endpointUrl" value="http://www.qa.mbfs.com.mx/SiteClientes/mydfs/loginWS"/>
        <config-param api-version="" appid="" name="soapAction" value=""/>
        <config-param api-version="" appid="" name="soap-version" value="1.1"/>
        <config-param api-version="" appid="" name="postprocessorname" value=""/>
        <config-param api-version="" appid="" name="preprocessorname" value=""/>
        <config-param api-version="" appid="" name="urlprovider" value=""/>
        <config-param api-version="" appid="" name="dataprovider" value=""/>
        <config-param api-version="" appid="" name="sockettimeout" value=""/>
        <config-param api-version="" appid="" name="includecookies" value=""/>
        <config-param api-version="" appid="" name="proxyname" value=""/>
        <config-param api-version="" appid="" name="proxyport" value=""/>
        <config-param api-version="" appid="" name="proxyusername" value=""/>
        <config-param api-version="" appid="" name="isembedxmlpresent" value="false"/>
        <config-param api-version="" appid="" name="ignorehttpproxy" value="false"/>
        <config-param api-version="" appid="" name="responseEncoding" value="UTF-8"/>
    </service-config>
    <service-input passthrough="false">
        <param datatype="string" defaultvalue="" description="" encode="true" format="" formatvalue="" name="folio" order="" sms-name="" src="" sourcevalue="" srcformatvalue="" target="" targetdatatype="" testvalue="000270" value="">
            <accessType></accessType>
        </param>
        <param datatype="string" defaultvalue="" description="" encode="true" format="" formatvalue="" name="correoElectronico" order="" sms-name="" src="request" sourcevalue="" srcformatvalue="" target="" targetdatatype="" testvalue="alejandro.salazar@qacg.com" value="">
            <accessType></accessType>
        </param>
        <param datatype="string" defaultvalue="" description="" encode="true" format="" formatvalue="" name="destinatario" order="" sms-name="" src="" sourcevalue="" srcformatvalue="" target="" targetdatatype="" testvalue="Alejandro Salazar" value="">
            <accessType></accessType>
        </param>
        <param datatype="string" defaultvalue="" description="" encode="true" format="" formatvalue="" name="idSitio" order="" sms-name="" src="" sourcevalue="" srcformatvalue="" target="" targetdatatype="" testvalue="A" value="">
            <accessType></accessType>
        </param>
        <template-param datatype="" defaultvalue="&lt;soapenv:Envelope xmlns:del=&quot;http://delegate.mydfs.ws.daimler.com/&quot; xmlns:soapenv=&quot;http://schemas.xmlsoap.org/soap/envelope/&quot;&gt;&lt;soapenv:Header/&gt;&lt;soapenv:Body&gt;&lt;del:enviarCertificadoLoyalty&gt;&lt;!--Optional:--&gt;&lt;folio&gt;$folio&lt;/folio&gt;&lt;!--Optional:--&gt;&lt;correoElectronico&gt;$correoElectronico&lt;/correoElectronico&gt;&lt;!--Optional:--&gt;&lt;destinatario&gt;$destinatario&lt;/destinatario&gt;&lt;!--Optional:--&gt;&lt;idSitio&gt;$idSitio&lt;/idSitio&gt;&lt;/del:enviarCertificadoLoyalty&gt;&lt;/soapenv:Body&gt;&lt;/soapenv:Envelope&gt;" description="" encode="false" format="" formatvalue="" name="message" order="" sms-name="" src="" sourcevalue="" srcformatvalue="" target="" targetdatatype="" value="&lt;soapenv:Envelope xmlns:del=&quot;http://delegate.mydfs.ws.daimler.com/&quot; xmlns:soapenv=&quot;http://schemas.xmlsoap.org/soap/envelope/&quot;&gt;&lt;soapenv:Header/&gt;&lt;soapenv:Body&gt;&lt;del:enviarCertificadoLoyalty&gt;&lt;!--Optional:--&gt;&lt;folio&gt;$folio&lt;/folio&gt;&lt;!--Optional:--&gt;&lt;correoElectronico&gt;$correoElectronico&lt;/correoElectronico&gt;&lt;!--Optional:--&gt;&lt;destinatario&gt;$destinatario&lt;/destinatario&gt;&lt;!--Optional:--&gt;&lt;idSitio&gt;$idSitio&lt;/idSitio&gt;&lt;/del:enviarCertificadoLoyalty&gt;&lt;/soapenv:Body&gt;&lt;/soapenv:Envelope&gt;">
            <accessType></accessType>
        </template-param>
    </service-input>
    <service-output passthrough="false">
        <param datatype="string" defaultvalue="" description="" encode="false" format="None" formatvalue="" name="codigo" order="" sms-name="" src="//ns2:enviarCertificadoLoyaltyResponse/respuesta/codigo" sourcevalue="" srcformatvalue="" target="" targetdatatype="" value="">
            <accessType></accessType>
        </param>
        <param datatype="number" defaultvalue="" description="" encode="false" format="None" formatvalue="" name="opstatus" order="" sms-name="" src="" sourcevalue="" srcformatvalue="" target="" targetdatatype="" value="">
            <accessType></accessType>
        </param>
        <param datatype="string" defaultvalue="" description="" encode="false" format="None" formatvalue="" name="errmsg" order="" sms-name="" src="" sourcevalue="" srcformatvalue="" target="" targetdatatype="" value="">
            <accessType></accessType>
        </param>
        <param datatype="number" defaultvalue="" description="" encode="false" format="None" formatvalue="" name="httpStatusCode" order="" sms-name="" src="" sourcevalue="" srcformatvalue="" target="" targetdatatype="" value="">
            <accessType></accessType>
        </param>
    </service-output>
</service>
