<?xml version="1.0" encoding="UTF-8" standalone="yes"?>
<service serviceGroup="" cachable="false" cacheduration="" endpoint="default" groupType="" id="obtenerCertificadoLoyalty" passwordencrypted="true" security="public" type="soapserviceConnector" smscode="" smsenabled="false">
    <service-config>
        <config-param api-version="" appid="" name="endpointUrl" value="http://www.qa.mbfs.com.mx/SiteClientes/mydfs/loginWS"/>
        <config-param api-version="" appid="" name="soapAction" value=""/>
        <config-param api-version="" appid="" name="soap-version" value="1.1"/>
        <config-param api-version="" appid="" name="postprocessorname" value=""/>
        <config-param api-version="" appid="" name="preprocessorname" value=""/>
        <config-param api-version="" appid="" name="urlprovider" value=""/>
        <config-param api-version="" appid="" name="dataprovider" value=""/>
        <config-param api-version="" appid="" name="sockettimeout" value=""/>
        <config-param api-version="" appid="" name="includecookies" value=""/>
        <config-param api-version="" appid="" name="proxyname" value=""/>
        <config-param api-version="" appid="" name="proxyport" value=""/>
        <config-param api-version="" appid="" name="proxyusername" value=""/>
        <config-param api-version="" appid="" name="isembedxmlpresent" value="false"/>
        <config-param api-version="" appid="" name="ignorehttpproxy" value="false"/>
        <config-param api-version="" appid="" name="responseEncoding" value="UTF-8"/>
    </service-config>
    <service-input passthrough="false">
        <param datatype="string" defaultvalue="" description="" encode="true" format="" formatvalue="" name="rfc" order="" sms-name="" src="" sourcevalue="" srcformatvalue="" target="" targetdatatype="" testvalue="CACT521120XXX" value="">
            <accessType></accessType>
        </param>
        <param datatype="string" defaultvalue="" description="" encode="true" format="" formatvalue="" name="contrato" order="" sms-name="" src="" sourcevalue="" srcformatvalue="" target="" targetdatatype="" testvalue="14794-CD" value="">
            <accessType></accessType>
        </param>
        <template-param datatype="" defaultvalue="&lt;soapenv:Envelope xmlns:del=&quot;http://delegate.mydfs.ws.daimler.com/&quot; xmlns:soapenv=&quot;http://schemas.xmlsoap.org/soap/envelope/&quot;&gt;&lt;soapenv:Header/&gt;&lt;soapenv:Body&gt;&lt;del:obtenerCertificadoLoyalty&gt;&lt;!--Optional:--&gt;&lt;rfc&gt;$rfc&lt;/rfc&gt;&lt;!--Optional:--&gt;&lt;contrato&gt;$contrato&lt;/contrato&gt;&lt;/del:obtenerCertificadoLoyalty&gt;&lt;/soapenv:Body&gt;&lt;/soapenv:Envelope&gt;" description="" encode="false" format="" formatvalue="" name="message" order="" sms-name="" src="" sourcevalue="" srcformatvalue="" target="" targetdatatype="" value="&lt;soapenv:Envelope xmlns:del=&quot;http://delegate.mydfs.ws.daimler.com/&quot; xmlns:soapenv=&quot;http://schemas.xmlsoap.org/soap/envelope/&quot;&gt;&lt;soapenv:Header/&gt;&lt;soapenv:Body&gt;&lt;del:obtenerCertificadoLoyalty&gt;&lt;!--Optional:--&gt;&lt;rfc&gt;$rfc&lt;/rfc&gt;&lt;!--Optional:--&gt;&lt;contrato&gt;$contrato&lt;/contrato&gt;&lt;/del:obtenerCertificadoLoyalty&gt;&lt;/soapenv:Body&gt;&lt;/soapenv:Envelope&gt;">
            <accessType></accessType>
        </template-param>
    </service-input>
    <service-output passthrough="false">
        <param datatype="number" defaultvalue="" description="" encode="false" format="None" formatvalue="" name="codigo" order="" sms-name="" src="//ns2:obtenerCertificadoLoyaltyResponse/respuesta/codigo" sourcevalue="" srcformatvalue="" target="" targetdatatype="" value="">
            <accessType></accessType>
        </param>
        <param datatype="string" defaultvalue="" description="" encode="false" format="None" formatvalue="" name="folio" order="" sms-name="" src="//ns2:obtenerCertificadoLoyaltyResponse/respuesta/contenido/response/loyalty/folio" sourcevalue="" srcformatvalue="" target="" targetdatatype="" value="">
            <accessType></accessType>
        </param>
        <param datatype="string" defaultvalue="" description="" encode="false" format="None" formatvalue="" name="linkPDF" order="" sms-name="" src="//ns2:obtenerCertificadoLoyaltyResponse/respuesta/contenido/response/loyalty/linkPDF" sourcevalue="" srcformatvalue="" target="" targetdatatype="" value="">
            <accessType></accessType>
        </param>
        <param datatype="string" defaultvalue="" description="" encode="false" format="None" formatvalue="" name="linkPNG" order="" sms-name="" src="//ns2:obtenerCertificadoLoyaltyResponse/respuesta/contenido/response/loyalty/linkPNG" sourcevalue="" srcformatvalue="" target="" targetdatatype="" value="">
            <accessType></accessType>
        </param>
        <param datatype="number" defaultvalue="" description="" encode="false" format="None" formatvalue="" name="opstatus" order="" sms-name="" src="" sourcevalue="" srcformatvalue="" target="" targetdatatype="" value="">
            <accessType></accessType>
        </param>
        <param datatype="string" defaultvalue="" description="" encode="false" format="None" formatvalue="" name="errmsg" order="" sms-name="" src="" sourcevalue="" srcformatvalue="" target="" targetdatatype="" value="">
            <accessType></accessType>
        </param>
        <param datatype="number" defaultvalue="" description="" encode="false" format="None" formatvalue="" name="httpStatusCode" order="" sms-name="" src="" sourcevalue="" srcformatvalue="" target="" targetdatatype="" value="">
            <accessType></accessType>
        </param>
    </service-output>
</service>
