<?xml version="1.0" encoding="UTF-8" standalone="yes"?>
<service serviceGroup="" cachable="false" cacheduration="" endpoint="default" groupType="" id="getMessageFromServer" passwordencrypted="false" security="public" type="jsonConnector" smscode="" smsenabled="false">
    <service-config>
        <config-param api-version="" appid="" name="endpointUrl" value="http://www.qa.mbfs.com.mx/chat-servlet/message"/>
        <config-param api-version="" appid="" name="postprocessorname" value=""/>
        <config-param api-version="" appid="" name="preprocessorname" value=""/>
        <config-param api-version="" appid="" name="urlprovider" value=""/>
        <config-param api-version="" appid="" name="dataprovider" value=""/>
        <config-param api-version="" appid="" name="sockettimeout" value=""/>
        <config-param api-version="" appid="" name="includecookies" value=""/>
        <config-param api-version="" appid="" name="proxyname" value=""/>
        <config-param api-version="" appid="" name="proxyport" value=""/>
        <config-param api-version="" appid="" name="proxyusername" value=""/>
        <config-param api-version="" appid="" name="http.method" value="GET"/>
        <config-param api-version="" appid="" name="isembedxmlpresent" value="false"/>
        <config-param api-version="" appid="" name="ignorehttpproxy" value="false"/>
        <config-param api-version="" appid="" name="responseEncoding" value="UTF-8"/>
    </service-config>
    <service-input passthrough="false">
        <header datatype="" name="" passthrough="false">
            <param datatype="string" defaultvalue="0" description="" encode="false" format="None" formatvalue="" name="userId" order="" sms-name="" src="request" sourcevalue="" srcformatvalue="" target="" targetdatatype="" testvalue="1" value="0">
                <accessType></accessType>
            </param>
            <param datatype="string" defaultvalue="0" description="" encode="false" format="None" formatvalue="" name="checkpointer" order="" sms-name="" src="request" sourcevalue="" srcformatvalue="" target="" targetdatatype="" testvalue="0" value="0">
                <accessType></accessType>
            </param>
            <param datatype="string" defaultvalue="0" description="" encode="false" format="None" formatvalue="" name="roomId" order="" sms-name="" src="request" sourcevalue="" srcformatvalue="" target="" targetdatatype="" testvalue="2" value="0">
                <accessType></accessType>
            </param>
        </header>
    </service-input>
    <service-output passthrough="false">
        <dataset id="messages" order="" src="/messages">
            <param datatype="string" defaultvalue="" description="" encode="false" format="None" formatvalue="" name="file" order="" sms-name="" src="/f" sourcevalue="" srcformatvalue="" target="" targetdatatype="" value="">
                <accessType></accessType>
            </param>
            <param datatype="string" defaultvalue="" description="" encode="false" format="None" formatvalue="" name="id" order="" sms-name="" src="/id" sourcevalue="" srcformatvalue="" target="" targetdatatype="" value="">
                <accessType></accessType>
            </param>
            <param datatype="string" defaultvalue="" description="" encode="false" format="None" formatvalue="" name="type" order="" sms-name="" src="/tp" sourcevalue="" srcformatvalue="" target="" targetdatatype="" value="">
                <accessType></accessType>
            </param>
            <param datatype="string" defaultvalue="" description="" encode="false" format="None" formatvalue="" name="timestamp" order="" sms-name="" src="/t" sourcevalue="" srcformatvalue="" target="" targetdatatype="" value="">
                <accessType></accessType>
            </param>
            <param datatype="string" defaultvalue="" description="" encode="false" format="None" formatvalue="" name="message" order="" sms-name="" src="/m" sourcevalue="" srcformatvalue="" target="" targetdatatype="" value="">
                <accessType></accessType>
            </param>
            <param datatype="string" defaultvalue="" description="" encode="false" format="None" formatvalue="" name="user" order="" sms-name="" src="/u/n" sourcevalue="" srcformatvalue="" target="" targetdatatype="" value="">
                <accessType></accessType>
            </param>
        </dataset>
        <param datatype="string" defaultvalue="" description="" encode="false" format="None" formatvalue="" name="checkpointer" order="" sms-name="" src="/checkpointer" sourcevalue="" srcformatvalue="" target="" targetdatatype="" value="">
            <accessType></accessType>
        </param>
        <param datatype="string" defaultvalue="" description="" encode="false" format="None" formatvalue="" name="roomId" order="" sms-name="" src="/room/id" sourcevalue="" srcformatvalue="" target="" targetdatatype="" value="">
            <accessType></accessType>
        </param>
        <param datatype="string" defaultvalue="" description="" encode="false" format="None" formatvalue="" name="roomStatus" order="" sms-name="" src="/room/status" sourcevalue="" srcformatvalue="" target="" targetdatatype="" value="">
            <accessType></accessType>
        </param>
        <param datatype="string" defaultvalue="" description="" encode="false" format="None" formatvalue="" name="filePath" order="" sms-name="" src="/filePath" sourcevalue="" srcformatvalue="" target="" targetdatatype="" value="">
            <accessType></accessType>
        </param>
        <param datatype="string" defaultvalue="" description="" encode="false" format="None" formatvalue="" name="userId" order="" sms-name="" src="/user/id" sourcevalue="" srcformatvalue="" target="response" targetdatatype="" value="">
            <accessType></accessType>
        </param>
        <param datatype="number" defaultvalue="" description="" encode="false" format="None" formatvalue="" name="opstatus" order="" sms-name="" src="" sourcevalue="" srcformatvalue="" target="" targetdatatype="" value="">
            <accessType></accessType>
        </param>
        <param datatype="string" defaultvalue="" description="" encode="false" format="None" formatvalue="" name="errmsg" order="" sms-name="" src="" sourcevalue="" srcformatvalue="" target="" targetdatatype="" value="">
            <accessType></accessType>
        </param>
        <param datatype="number" defaultvalue="" description="" encode="false" format="None" formatvalue="" name="httpStatusCode" order="" sms-name="" src="" sourcevalue="" srcformatvalue="" target="" targetdatatype="" value="">
            <accessType></accessType>
        </param>
    </service-output>
</service>
