<?xml version="1.0" encoding="UTF-8" standalone="yes"?>
<service serviceGroup="" cachable="false" cacheduration="" endpoint="default" groupType="" id="sendMessageToServerBulk" passwordencrypted="true" security="public" type="jsonConnector" smscode="" smsenabled="false">
    <service-config>
        <config-param api-version="" appid="" name="endpointUrl" value="http://www.qa.mbfs.com.mx/chat-servlet/message/bulk"/>
        <config-param api-version="" appid="" name="postprocessorname" value=""/>
        <config-param api-version="" appid="" name="preprocessorname" value=""/>
        <config-param api-version="" appid="" name="urlprovider" value=""/>
        <config-param api-version="" appid="" name="dataprovider" value=""/>
        <config-param api-version="" appid="" name="sockettimeout" value=""/>
        <config-param api-version="" appid="" name="includecookies" value=""/>
        <config-param api-version="" appid="" name="proxyname" value=""/>
        <config-param api-version="" appid="" name="proxyport" value=""/>
        <config-param api-version="" appid="" name="proxyusername" value=""/>
        <config-param api-version="" appid="" name="http.method" value="PUT"/>
        <config-param api-version="" appid="" name="isembedxmlpresent" value="false"/>
        <config-param api-version="" appid="" name="ignorehttpproxy" value="false"/>
        <config-param api-version="" appid="" name="responseEncoding" value="UTF-8"/>
    </service-config>
    <service-input passthrough="false">
        <param datatype="collection" defaultvalue="[]" description="" encode="true" format="" formatvalue="" name="messages" order="" sms-name="" src="request" sourcevalue="" srcformatvalue="" target="" targetdatatype="" testvalue="[{&quot;file&quot;: &quot;file&quot;,&quot;id&quot;: &quot;0&quot;,&quot;message&quot;: &quot;message&quot;,&quot;timestamp&quot;: &quot;1461625305007&quot;,&quot;type&quot;: &quot;TEXT&quot;,&quot;userId&quot;: &quot;0&quot;}, {&quot;file&quot;: &quot;file&quot;,&quot;id&quot;: &quot;0&quot;,&quot;message&quot;: &quot;message&quot;,&quot;timestamp&quot;: &quot;1461625305007&quot;,&quot;type&quot;: &quot;TEXT&quot;,&quot;userId&quot;: &quot;0&quot;}]" value="[]">
            <accessType></accessType>
        </param>
        <param datatype="string" defaultvalue="0" description="" encode="true" format="" formatvalue="" name="roomId" order="" sms-name="" src="request" sourcevalue="" srcformatvalue="" target="" targetdatatype="" testvalue="0" value="0">
            <accessType></accessType>
        </param>
        <param datatype="string" defaultvalue="0" description="" encode="true" format="" formatvalue="" name="id" order="" sms-name="" src="request" sourcevalue="" srcformatvalue="" target="" targetdatatype="" testvalue="1" value="0">
            <accessType></accessType>
        </param>
        <param datatype="string" defaultvalue="" description="" encode="true" format="" formatvalue="" name="file" order="" sms-name="" src="request" sourcevalue="" srcformatvalue="" target="" targetdatatype="" testvalue="file" value="">
            <accessType></accessType>
        </param>
        <param datatype="string" defaultvalue="" description="" encode="true" format="" formatvalue="" name="timestamp" order="" sms-name="" src="request" sourcevalue="" srcformatvalue="" target="" targetdatatype="" testvalue="1461625305007" value="">
            <accessType></accessType>
        </param>
        <param datatype="string" defaultvalue="" description="" encode="true" format="" formatvalue="" name="type" order="" sms-name="" src="request" sourcevalue="" srcformatvalue="" target="" targetdatatype="" testvalue="TEXT" value="">
            <accessType></accessType>
        </param>
        <param datatype="string" defaultvalue="0" description="" encode="true" format="" formatvalue="" name="userId" order="" sms-name="" src="request" sourcevalue="" srcformatvalue="" target="" targetdatatype="" testvalue="690" value="0">
            <accessType></accessType>
        </param>
        <param datatype="string" defaultvalue="" description="" encode="true" format="" formatvalue="" name="message" order="" sms-name="" src="request" sourcevalue="" srcformatvalue="" target="" targetdatatype="" testvalue="message" value="">
            <accessType></accessType>
        </param>
        <param datatype="string" defaultvalue="0" description="" encode="true" format="" formatvalue="" name="userRoomId" order="" sms-name="" src="" sourcevalue="" srcformatvalue="" target="" targetdatatype="" testvalue="0" value="0">
            <accessType></accessType>
        </param>
        <param datatype="string" defaultvalue="0" description="" encode="true" format="" formatvalue="" name="checkpointer" order="" sms-name="" src="" sourcevalue="" srcformatvalue="" target="" targetdatatype="" testvalue="0" value="0">
            <accessType></accessType>
        </param>
        <template-param datatype="" defaultvalue="#set( $i = 1) {    &quot;messages&quot;: [  #foreach $messages      {     &quot;f&quot;: &quot;$file&quot;,     &quot;id&quot;: &quot;$id&quot;,     &quot;m&quot;: &quot;$message&quot;,     &quot;t&quot;: &quot;$timestamp&quot;,     &quot;tp&quot;: &quot;$type&quot;,     &quot;u&quot;: {&quot;id&quot;: &quot;$userId&quot;}   }#if($i != $messages.records.size()) , #end   #set( $i = $i+1)  #end   ],    &quot;roomId&quot;: &quot;$roomId&quot;,    &quot;userId&quot;: &quot;$userRoomId&quot;,    &quot;checkpointer&quot;: &quot;$checkpointer&quot; } " description="" encode="false" format="" formatvalue="" name="message" order="" sms-name="" src="" sourcevalue="" srcformatvalue="" target="" targetdatatype="" value="#set( $i = 1) {    &quot;messages&quot;: [  #foreach $messages      {     &quot;f&quot;: &quot;$file&quot;,     &quot;id&quot;: &quot;$id&quot;,     &quot;m&quot;: &quot;$message&quot;,     &quot;t&quot;: &quot;$timestamp&quot;,     &quot;tp&quot;: &quot;$type&quot;,     &quot;u&quot;: {&quot;id&quot;: &quot;$userId&quot;}   }#if($i != $messages.records.size()) , #end   #set( $i = $i+1)  #end   ],    &quot;roomId&quot;: &quot;$roomId&quot;,    &quot;userId&quot;: &quot;$userRoomId&quot;,    &quot;checkpointer&quot;: &quot;$checkpointer&quot; } ">
            <accessType></accessType>
        </template-param>
    </service-input>
    <service-output passthrough="false">
        <dataset id="messages" order="" src="/messages">
            <param datatype="string" defaultvalue="" description="" encode="false" format="None" formatvalue="" name="file" order="" sms-name="" src="/f" sourcevalue="" srcformatvalue="" target="" targetdatatype="" value="">
                <accessType></accessType>
            </param>
            <param datatype="string" defaultvalue="" description="" encode="false" format="None" formatvalue="" name="id" order="" sms-name="" src="/id" sourcevalue="" srcformatvalue="" target="" targetdatatype="" value="">
                <accessType></accessType>
            </param>
            <param datatype="string" defaultvalue="" description="" encode="false" format="None" formatvalue="" name="type" order="" sms-name="" src="/tp" sourcevalue="" srcformatvalue="" target="" targetdatatype="" value="">
                <accessType></accessType>
            </param>
            <param datatype="string" defaultvalue="" description="" encode="false" format="None" formatvalue="" name="timestamp" order="" sms-name="" src="/t" sourcevalue="" srcformatvalue="" target="" targetdatatype="" value="">
                <accessType></accessType>
            </param>
            <param datatype="string" defaultvalue="" description="" encode="false" format="None" formatvalue="" name="message" order="" sms-name="" src="/m" sourcevalue="" srcformatvalue="" target="" targetdatatype="" value="">
                <accessType></accessType>
            </param>
            <param datatype="string" defaultvalue="" description="" encode="false" format="None" formatvalue="" name="user" order="" sms-name="" src="/u/n" sourcevalue="" srcformatvalue="" target="" targetdatatype="" value="">
                <accessType></accessType>
            </param>
        </dataset>
        <param datatype="string" defaultvalue="" description="" encode="false" format="None" formatvalue="" name="checkpointer" order="" sms-name="" src="/checkpointer" sourcevalue="" srcformatvalue="" target="" targetdatatype="" value="">
            <accessType></accessType>
        </param>
        <param datatype="string" defaultvalue="" description="" encode="false" format="None" formatvalue="" name="roomId" order="" sms-name="" src="/room/id" sourcevalue="" srcformatvalue="" target="" targetdatatype="" value="">
            <accessType></accessType>
        </param>
        <param datatype="string" defaultvalue="" description="" encode="false" format="None" formatvalue="" name="roomStatus" order="" sms-name="" src="/room/status" sourcevalue="" srcformatvalue="" target="" targetdatatype="" value="">
            <accessType></accessType>
        </param>
        <param datatype="string" defaultvalue="" description="" encode="false" format="None" formatvalue="" name="filePath" order="" sms-name="" src="/filePath" sourcevalue="" srcformatvalue="" target="" targetdatatype="" value="">
            <accessType></accessType>
        </param>
        <param datatype="string" defaultvalue="" description="" encode="false" format="None" formatvalue="" name="userId" order="" sms-name="" src="/user/id" sourcevalue="" srcformatvalue="" target="response" targetdatatype="" value="">
            <accessType></accessType>
        </param>
        <param datatype="number" defaultvalue="" description="" encode="false" format="None" formatvalue="" name="opstatus" order="" sms-name="" src="" sourcevalue="" srcformatvalue="" target="" targetdatatype="" value="">
            <accessType></accessType>
        </param>
        <param datatype="string" defaultvalue="" description="" encode="false" format="None" formatvalue="" name="errmsg" order="" sms-name="" src="" sourcevalue="" srcformatvalue="" target="" targetdatatype="" value="">
            <accessType></accessType>
        </param>
        <param datatype="number" defaultvalue="" description="" encode="false" format="None" formatvalue="" name="httpStatusCode" order="" sms-name="" src="" sourcevalue="" srcformatvalue="" target="" targetdatatype="" value="">
            <accessType></accessType>
        </param>
    </service-output>
</service>
