<?xml version="1.0" encoding="UTF-8" standalone="yes"?>
<endpoint encryptSecureInfo="false" name="default" type="SOAP" url="http://www.qa.mbfs.com.mx:80/SiteClientes/mydfs/descargaWS">
    <config>
        <entry>
            <key>ignorehttpproxy</key>
            <value>false</value>
        </entry>
        <entry>
            <key>wsdlType</key>
            <value>url</value>
        </entry>
        <entry>
            <key>wsdlurl</key>
            <value>http://www.qa.mbfs.com.mx/SiteClientes/mydfs/descargaWS?wsdl</value>
        </entry>
    </config>
</endpoint>
