<?xml version="1.0" encoding="UTF-8" standalone="yes"?>
<service serviceGroup="" cachable="false" cacheduration="" endpoint="default" groupType="" id="obtenerSaldosMovimientosPagina" passwordencrypted="true" security="public" type="soapserviceConnector" smscode="" smsenabled="false">
    <service-config>
        <config-param api-version="" appid="" name="endpointUrl" value="http://www.qa.mbfs.com.mx/SiteClientes/mydfs/obtenerSaldosMovimientosWS"/>
        <config-param api-version="" appid="" name="soapAction" value=""/>
        <config-param api-version="" appid="" name="soap-version" value="1.1"/>
        <config-param api-version="" appid="" name="postprocessorname" value=""/>
        <config-param api-version="" appid="" name="preprocessorname" value=""/>
        <config-param api-version="" appid="" name="urlprovider" value=""/>
        <config-param api-version="" appid="" name="dataprovider" value=""/>
        <config-param api-version="" appid="" name="sockettimeout" value=""/>
        <config-param api-version="" appid="" name="includecookies" value=""/>
        <config-param api-version="" appid="" name="proxyname" value=""/>
        <config-param api-version="" appid="" name="proxyport" value=""/>
        <config-param api-version="" appid="" name="proxyusername" value=""/>
        <config-param api-version="" appid="" name="isembedxmlpresent" value="false"/>
        <config-param api-version="" appid="" name="ignorehttpproxy" value="false"/>
        <config-param api-version="" appid="" name="responseEncoding" value="UTF-8"/>
    </service-config>
    <service-input passthrough="false">
        <param datatype="number" defaultvalue="" description="" encode="true" format="" formatvalue="" name="pagina" order="" sms-name="" src="request" sourcevalue="" srcformatvalue="" target="" targetdatatype="" testvalue="1" value="">
            <accessType></accessType>
        </param>
        <param datatype="number" defaultvalue="" description="" encode="true" format="" formatvalue="" name="registrosPagina" order="" sms-name="" src="request" sourcevalue="" srcformatvalue="" target="" targetdatatype="" testvalue="5" value="">
            <accessType></accessType>
        </param>
        <param datatype="number" defaultvalue="" description="" encode="true" format="" formatvalue="" name="persona" order="" sms-name="" src="request" sourcevalue="" srcformatvalue="" target="" targetdatatype="" testvalue="251540" value="">
            <accessType></accessType>
        </param>
        <param datatype="string" defaultvalue="" description="" encode="true" format="" formatvalue="" name="fechaInicio" order="" sms-name="" src="request" sourcevalue="" srcformatvalue="" target="" targetdatatype="" testvalue="01/01/2000" value="">
            <accessType></accessType>
        </param>
        <param datatype="string" defaultvalue="" description="" encode="true" format="" formatvalue="" name="fechaFin" order="" sms-name="" src="request" sourcevalue="" srcformatvalue="" target="" targetdatatype="" testvalue="22/02/2016" value="">
            <accessType></accessType>
        </param>
        <param datatype="string" defaultvalue="" description="" encode="true" format="" formatvalue="" name="operacionMaestra" order="" sms-name="" src="request" sourcevalue="" srcformatvalue="" target="" targetdatatype="" testvalue="47349-AP" value="">
            <accessType></accessType>
        </param>
        <template-param datatype="" defaultvalue="&lt;soapenv:Envelope xmlns:del=&quot;http://delegate.mydfs.ws.daimler.com/&quot; xmlns:soapenv=&quot;http://schemas.xmlsoap.org/soap/envelope/&quot;&gt;&lt;soapenv:Header/&gt;&lt;soapenv:Body&gt;&lt;del:obtenerSaldosMovimientosPagina&gt;&lt;pagina&gt;$pagina&lt;/pagina&gt;&lt;registrosPagina&gt;$registrosPagina&lt;/registrosPagina&gt;&lt;persona&gt;$persona&lt;/persona&gt;&lt;!--Optional:--&gt;&lt;fechaInicio&gt;$fechaInicio&lt;/fechaInicio&gt;&lt;!--Optional:--&gt;&lt;fechaFin&gt;$fechaFin&lt;/fechaFin&gt;&lt;!--Optional:--&gt;&lt;operacionMaestra&gt;$operacionMaestra&lt;/operacionMaestra&gt;&lt;/del:obtenerSaldosMovimientosPagina&gt;&lt;/soapenv:Body&gt;&lt;/soapenv:Envelope&gt;" description="" encode="false" format="" formatvalue="" name="message" order="" sms-name="" src="" sourcevalue="" srcformatvalue="" target="" targetdatatype="" value="&lt;soapenv:Envelope xmlns:del=&quot;http://delegate.mydfs.ws.daimler.com/&quot; xmlns:soapenv=&quot;http://schemas.xmlsoap.org/soap/envelope/&quot;&gt;&lt;soapenv:Header/&gt;&lt;soapenv:Body&gt;&lt;del:obtenerSaldosMovimientosPagina&gt;&lt;pagina&gt;$pagina&lt;/pagina&gt;&lt;registrosPagina&gt;$registrosPagina&lt;/registrosPagina&gt;&lt;persona&gt;$persona&lt;/persona&gt;&lt;!--Optional:--&gt;&lt;fechaInicio&gt;$fechaInicio&lt;/fechaInicio&gt;&lt;!--Optional:--&gt;&lt;fechaFin&gt;$fechaFin&lt;/fechaFin&gt;&lt;!--Optional:--&gt;&lt;operacionMaestra&gt;$operacionMaestra&lt;/operacionMaestra&gt;&lt;/del:obtenerSaldosMovimientosPagina&gt;&lt;/soapenv:Body&gt;&lt;/soapenv:Envelope&gt;">
            <accessType></accessType>
        </template-param>
    </service-input>
    <service-output passthrough="false">
        <dataset id="lstContenido" order="" src="//ns2:obtenerSaldosMovimientosPaginaResponse/MyDfsResponse/contenido">
            <dataset id="lstMovimientos" order="" src="lstResponse/contenido">
                <param datatype="string" defaultvalue="" description="" encode="false" format="None" formatvalue="" name="abono" order="" sms-name="" src="//abono" sourcevalue="" srcformatvalue="" target="response" targetdatatype="" value="">
                    <accessType></accessType>
                </param>
                <param datatype="string" defaultvalue="" description="" encode="false" format="None" formatvalue="" name="cargo" order="" sms-name="" src="//cargo" sourcevalue="" srcformatvalue="" target="response" targetdatatype="" value="">
                    <accessType></accessType>
                </param>
                <param datatype="string" defaultvalue="" description="" encode="false" format="None" formatvalue="" name="descripcion" order="" sms-name="" src="//descripcion" sourcevalue="" srcformatvalue="" target="response" targetdatatype="" value="">
                    <accessType></accessType>
                </param>
                <param datatype="string" defaultvalue="" description="" encode="false" format="None" formatvalue="" name="fechaMovimiento" order="" sms-name="" src="//fechaMovimiento" sourcevalue="" srcformatvalue="" target="response" targetdatatype="" value="">
                    <accessType></accessType>
                </param>
                <param datatype="string" defaultvalue="" description="" encode="false" format="None" formatvalue="" name="plazo" order="" sms-name="" src="//plazo" sourcevalue="" srcformatvalue="" target="response" targetdatatype="" value="">
                    <accessType></accessType>
                </param>
                <param datatype="string" defaultvalue="" description="" encode="false" format="None" formatvalue="" name="renta" order="" sms-name="" src="//renta" sourcevalue="" srcformatvalue="" target="response" targetdatatype="" value="">
                    <accessType></accessType>
                </param>
                <param datatype="string" defaultvalue="" description="" encode="false" format="None" formatvalue="" name="coa" order="" sms-name="" src="//cOa" sourcevalue="" srcformatvalue="" target="response" targetdatatype="" value="">
                    <accessType></accessType>
                </param>
                <param datatype="string" defaultvalue="" description="" encode="false" format="None" formatvalue="" name="idPago" order="" sms-name="" src="//idPago" sourcevalue="" srcformatvalue="" target="response" targetdatatype="" value="">
                    <accessType></accessType>
                </param>
            </dataset>
            <param datatype="string" defaultvalue="" description="" encode="false" format="None" formatvalue="" name="pgActual" order="" sms-name="" src="lstResponse/actual" sourcevalue="" srcformatvalue="" target="response" targetdatatype="" value="">
                <accessType></accessType>
            </param>
            <param datatype="string" defaultvalue="" description="" encode="false" format="None" formatvalue="" name="totalRegistros" order="" sms-name="" src="lstResponse/total" sourcevalue="" srcformatvalue="" target="response" targetdatatype="" value="">
                <accessType></accessType>
            </param>
        </dataset>
        <param datatype="string" defaultvalue="" description="" encode="false" format="None" formatvalue="" name="codigo" order="" sms-name="" src="//ns2:obtenerSaldosMovimientosPaginaResponse/MyDfsResponse/codigo" sourcevalue="" srcformatvalue="" target="response" targetdatatype="" value="">
            <accessType></accessType>
        </param>
        <param datatype="number" defaultvalue="" description="" encode="false" format="None" formatvalue="" name="opstatus" order="" sms-name="" src="" sourcevalue="" srcformatvalue="" target="" targetdatatype="" value="">
            <accessType></accessType>
        </param>
        <param datatype="string" defaultvalue="" description="" encode="false" format="None" formatvalue="" name="errmsg" order="" sms-name="" src="" sourcevalue="" srcformatvalue="" target="" targetdatatype="" value="">
            <accessType></accessType>
        </param>
        <param datatype="number" defaultvalue="" description="" encode="false" format="None" formatvalue="" name="httpStatusCode" order="" sms-name="" src="" sourcevalue="" srcformatvalue="" target="" targetdatatype="" value="">
            <accessType></accessType>
        </param>
    </service-output>
</service>
