<?xml version="1.0" encoding="UTF-8" standalone="yes"?>
<service serviceGroup="" cachable="false" cacheduration="" endpoint="default" groupType="" id="enviarCotizacion" passwordencrypted="true" security="public" type="soapserviceConnector" smscode="" smsenabled="false">
    <service-config>
        <config-param api-version="" appid="" name="endpointUrl" value="http://www.qa.mbfs.com.mx/cotizadorveRTI/myDFSWs"/>
        <config-param api-version="" appid="" name="soapAction" value=""/>
        <config-param api-version="" appid="" name="soap-version" value="1.1"/>
        <config-param api-version="" appid="" name="postprocessorname" value=""/>
        <config-param api-version="" appid="" name="preprocessorname" value=""/>
        <config-param api-version="" appid="" name="urlprovider" value=""/>
        <config-param api-version="" appid="" name="dataprovider" value=""/>
        <config-param api-version="" appid="" name="sockettimeout" value=""/>
        <config-param api-version="" appid="" name="includecookies" value=""/>
        <config-param api-version="" appid="" name="proxyname" value=""/>
        <config-param api-version="" appid="" name="proxyport" value=""/>
        <config-param api-version="" appid="" name="proxyusername" value=""/>
        <config-param api-version="" appid="" name="isembedxmlpresent" value="false"/>
        <config-param api-version="" appid="" name="ignorehttpproxy" value="false"/>
        <config-param api-version="" appid="" name="responseEncoding" value="UTF-8"/>
    </service-config>
    <service-input passthrough="false">
        <param datatype="string" defaultvalue="" description="" encode="true" format="" formatvalue="" name="nombreTipo" order="" sms-name="" src="request" sourcevalue="" srcformatvalue="" target="" targetdatatype="" testvalue="E 250 CGI Avantgarde" value="">
            <accessType></accessType>
        </param>
        <param datatype="string" defaultvalue="" description="" encode="true" format="" formatvalue="" name="nombreImagen" order="" sms-name="" src="request" sourcevalue="" srcformatvalue="" target="" targetdatatype="" testvalue="claseecot.png" value="">
            <accessType></accessType>
        </param>
        <param datatype="string" defaultvalue="" description="" encode="true" format="" formatvalue="" name="nombrePlan" order="" sms-name="" src="request" sourcevalue="" srcformatvalue="" target="" targetdatatype="" testvalue="Flexibility 25% E" value="">
            <accessType></accessType>
        </param>
        <param datatype="string" defaultvalue="" description="" encode="true" format="" formatvalue="" name="nombreFinanciamiento" order="" sms-name="" src="request" sourcevalue="" srcformatvalue="" target="" targetdatatype="" testvalue="Crédito Directo" value="">
            <accessType></accessType>
        </param>
        <param datatype="boolean" defaultvalue="" description="" encode="true" format="" formatvalue="" name="enviarSolicitudCredito" order="" sms-name="" src="request" sourcevalue="" srcformatvalue="" target="" targetdatatype="" testvalue="1" value="">
            <accessType></accessType>
        </param>
        <param datatype="number" defaultvalue="" description="" encode="true" format="" formatvalue="" name="tipoPersona" order="" sms-name="" src="request" sourcevalue="" srcformatvalue="" target="" targetdatatype="" testvalue="0" value="">
            <accessType></accessType>
        </param>
        <param datatype="string" defaultvalue="" description="" encode="true" format="" formatvalue="" name="plazo" order="" sms-name="" src="request" sourcevalue="" srcformatvalue="" target="" targetdatatype="" testvalue="36 meses" value="">
            <accessType></accessType>
        </param>
        <param datatype="string" defaultvalue="" description="" encode="true" format="" formatvalue="" name="mensualidad" order="" sms-name="" src="request" sourcevalue="" srcformatvalue="" target="" targetdatatype="" testvalue="$3,853.11" value="">
            <accessType></accessType>
        </param>
        <param datatype="string" defaultvalue="" description="" encode="true" format="" formatvalue="" name="totalAnticipo" order="" sms-name="" src="request" sourcevalue="" srcformatvalue="" target="" targetdatatype="" testvalue="$218,453.53" value="">
            <accessType></accessType>
        </param>
        <param datatype="string" defaultvalue="" description="" encode="true" format="" formatvalue="" name="nombreDistribuidor" order="" sms-name="" src="request" sourcevalue="" srcformatvalue="" target="" targetdatatype="" testvalue="Quality" value="">
            <accessType></accessType>
        </param>
        <param datatype="string" defaultvalue="" description="" encode="true" format="" formatvalue="" name="correoDistribuidor" order="" sms-name="" src="request" sourcevalue="" srcformatvalue="" target="" targetdatatype="" testvalue="carlos.ramosc@daimler.com" value="">
            <accessType></accessType>
        </param>
        <param datatype="string" defaultvalue="" description="" encode="true" format="" formatvalue="" name="calleDistribuidor" order="" sms-name="" src="request" sourcevalue="" srcformatvalue="" target="" targetdatatype="" testvalue="Ejercito Nacional 353" value="">
            <accessType></accessType>
        </param>
        <param datatype="string" defaultvalue="" description="" encode="true" format="" formatvalue="" name="plazazDistribuidor" order="" sms-name="" src="request" sourcevalue="" srcformatvalue="" target="" targetdatatype="" testvalue="Colonia Granada" value="">
            <accessType></accessType>
        </param>
        <param datatype="string" defaultvalue="" description="" encode="true" format="" formatvalue="" name="ciudadDistribuidor" order="" sms-name="" src="request" sourcevalue="" srcformatvalue="" target="" targetdatatype="" testvalue="Ciudad de mexico" value="">
            <accessType></accessType>
        </param>
        <param datatype="string" defaultvalue="" description="" encode="true" format="" formatvalue="" name="telefonoDistribuidor" order="" sms-name="" src="request" sourcevalue="" srcformatvalue="" target="" targetdatatype="" testvalue="112358" value="">
            <accessType></accessType>
        </param>
        <param datatype="string" defaultvalue="" description="" encode="true" format="" formatvalue="" name="leyendaLegal" order="" sms-name="" src="request" sourcevalue="" srcformatvalue="" target="" targetdatatype="" testvalue="Sujeto a previa aprobación de crédito. Programa de financiamiento Flexibility 25% E a través de Daimler Financial Services México, S. de R.L. de C.V. Vigencia al 07 de Diciembre de 2016. &amp;lt;style isBold=&quot;true&quot; pdfFontName=&quot;Helvetica-Bold&quot; size=&quot;14&quot;&gt; CAT con fines informativos y de comparación 15.03% sin IVA &amp;lt;/style&gt;. Comisión por apertura sobre monto a financiar de 2.50% más IVA del monto a financiar. Crédito calculado con la aseguradora GNP, Cobertura AMPLIA con deducible al 5% para daños materiales  y 10% para robo total, para circular en NAYARIT. El Seguro de Vida está cotizado con la Aseguradora Zurich Vida. Costo sujeto a cambios de acuerdo a edades de aceptación. Sujeto a disponibilidad de vehículos y válida bajo existencias. Cálculo realizado sobre precio de lista. El cálculo aquí cotizado es un estimado del real por lo cual la cotización no representa el valor final de la operación y por ello no  tiene validez alguna. Daimler Financial Services México, S. de R.L. de C.V., se reserva el derecho a modificar o cancelar los planes, bases, precios estimados y demás premisas consideradas para este esquema de financiamiento, sin previo aviso y en cualquier momento. Para cotizaciones específicas, consulte a su distribuidor Mercedes-Benz autorizado. La fotografía que aquí aparece es ilustrativa y puede ser modificada sin previo aviso." value="">
            <accessType></accessType>
        </param>
        <param datatype="string" defaultvalue="" description="" encode="true" format="" formatvalue="" name="url" order="" sms-name="" src="request" sourcevalue="" srcformatvalue="" target="" targetdatatype="" testvalue="https://www.mercedesbenzfinancial.com.mx/" value="">
            <accessType></accessType>
        </param>
        <param datatype="string" defaultvalue="" description="" encode="true" format="" formatvalue="" name="nombreCliente" order="" sms-name="" src="request" sourcevalue="" srcformatvalue="" target="" targetdatatype="" testvalue="juan" value="">
            <accessType></accessType>
        </param>
        <param datatype="string" defaultvalue="" description="" encode="true" format="" formatvalue="" name="apellidoCliente" order="" sms-name="" src="request" sourcevalue="" srcformatvalue="" target="" targetdatatype="" testvalue="penas" value="">
            <accessType></accessType>
        </param>
        <param datatype="string" defaultvalue="" description="" encode="true" format="" formatvalue="" name="metodoContactoCliente" order="" sms-name="" src="request" sourcevalue="" srcformatvalue="" target="" targetdatatype="" testvalue="correo" value="">
            <accessType></accessType>
        </param>
        <param datatype="string" defaultvalue="" description="" encode="true" format="" formatvalue="" name="emailCliente" order="" sms-name="" src="request" sourcevalue="" srcformatvalue="" target="" targetdatatype="" testvalue="carlos.ramos@qacg.com" value="">
            <accessType></accessType>
        </param>
        <param datatype="string" defaultvalue="" description="" encode="true" format="" formatvalue="" name="telefonoCliente" order="" sms-name="" src="request" sourcevalue="" srcformatvalue="" target="" targetdatatype="" testvalue="112358" value="">
            <accessType></accessType>
        </param>
        <param datatype="string" defaultvalue="" description="" encode="true" format="" formatvalue="" name="direccionCliente" order="" sms-name="" src="request" sourcevalue="" srcformatvalue="" target="" targetdatatype="" testvalue="Paseo de los Tamarindos 90 " value="">
            <accessType></accessType>
        </param>
        <template-param datatype="" defaultvalue="&lt;soapenv:Envelope xmlns:del=&quot;http://delegate.cotizador.mydfs.ws.daimler.com/&quot; xmlns:soapenv=&quot;http://schemas.xmlsoap.org/soap/envelope/&quot;&gt;&lt;soapenv:Header/&gt;&lt;soapenv:Body&gt;&lt;del:enviarCotizacion&gt;&lt;!--Optional:--&gt;&lt;nombreTipo&gt;$nombreTipo&lt;/nombreTipo&gt;&lt;!--Optional:--&gt;&lt;nombreImagen&gt;$nombreImagen&lt;/nombreImagen&gt;&lt;!--Optional:--&gt;&lt;nombrePlan&gt;$nombrePlan&lt;/nombrePlan&gt;&lt;!--Optional:--&gt;&lt;nombreFinanciamiento&gt;$nombreFinanciamiento&lt;/nombreFinanciamiento&gt;&lt;!--Optional:--&gt;&lt;enviarSolicitudCredito&gt;$enviarSolicitudCredito&lt;/enviarSolicitudCredito&gt;&lt;!--Optional:--&gt;&lt;tipoPersona&gt;$tipoPersona&lt;/tipoPersona&gt;&lt;!--Optional:--&gt;&lt;plazo&gt;$plazo&lt;/plazo&gt;&lt;!--Optional:--&gt;&lt;mensualidad&gt;$mensualidad&lt;/mensualidad&gt;&lt;!--Optional:--&gt;&lt;totalAnticipo&gt;$totalAnticipo&lt;/totalAnticipo&gt;&lt;!--Optional:--&gt;&lt;nombreDistribuidor&gt;$nombreDistribuidor&lt;/nombreDistribuidor&gt;&lt;!--Optional:--&gt;&lt;correoDistribuidor&gt;$correoDistribuidor&lt;/correoDistribuidor&gt;&lt;!--Optional:--&gt;&lt;calleDistribuidor&gt;$calleDistribuidor&lt;/calleDistribuidor&gt;&lt;!--Optional:--&gt;&lt;plazazDistribuidor&gt;$plazazDistribuidor&lt;/plazazDistribuidor&gt;&lt;!--Optional:--&gt;&lt;ciudadDistribuidor&gt;$ciudadDistribuidor&lt;/ciudadDistribuidor&gt;&lt;!--Optional:--&gt;&lt;telefonoDistribuidor&gt;$telefonoDistribuidor&lt;/telefonoDistribuidor&gt;&lt;!--Optional:--&gt;&lt;leyendaLegal&gt;$leyendaLegal&lt;/leyendaLegal&gt;&lt;!--Optional:--&gt;&lt;url&gt;$url&lt;/url&gt;&lt;!--Optional:--&gt;&lt;nombreCliente&gt;$nombreCliente&lt;/nombreCliente&gt;&lt;!--Optional:--&gt;&lt;apellidoCliente&gt;$apellidoCliente&lt;/apellidoCliente&gt;&lt;!--Optional:--&gt;&lt;metodoContactoCliente&gt;$metodoContactoCliente&lt;/metodoContactoCliente&gt;&lt;!--Optional:--&gt;&lt;emailCliente&gt;$emailCliente&lt;/emailCliente&gt;&lt;!--Optional:--&gt;&lt;telefonoCliente&gt;$telefonoCliente&lt;/telefonoCliente&gt;&lt;!--Optional:--&gt;&lt;direccionCliente&gt;$direccionCliente&lt;/direccionCliente&gt;&lt;/del:enviarCotizacion&gt;&lt;/soapenv:Body&gt;&lt;/soapenv:Envelope&gt;" description="" encode="false" format="" formatvalue="" name="message" order="" sms-name="" src="" sourcevalue="" srcformatvalue="" target="" targetdatatype="" value="&lt;soapenv:Envelope xmlns:del=&quot;http://delegate.cotizador.mydfs.ws.daimler.com/&quot; xmlns:soapenv=&quot;http://schemas.xmlsoap.org/soap/envelope/&quot;&gt;&lt;soapenv:Header/&gt;&lt;soapenv:Body&gt;&lt;del:enviarCotizacion&gt;&lt;!--Optional:--&gt;&lt;nombreTipo&gt;$nombreTipo&lt;/nombreTipo&gt;&lt;!--Optional:--&gt;&lt;nombreImagen&gt;$nombreImagen&lt;/nombreImagen&gt;&lt;!--Optional:--&gt;&lt;nombrePlan&gt;$nombrePlan&lt;/nombrePlan&gt;&lt;!--Optional:--&gt;&lt;nombreFinanciamiento&gt;$nombreFinanciamiento&lt;/nombreFinanciamiento&gt;&lt;!--Optional:--&gt;&lt;enviarSolicitudCredito&gt;$enviarSolicitudCredito&lt;/enviarSolicitudCredito&gt;&lt;!--Optional:--&gt;&lt;tipoPersona&gt;$tipoPersona&lt;/tipoPersona&gt;&lt;!--Optional:--&gt;&lt;plazo&gt;$plazo&lt;/plazo&gt;&lt;!--Optional:--&gt;&lt;mensualidad&gt;$mensualidad&lt;/mensualidad&gt;&lt;!--Optional:--&gt;&lt;totalAnticipo&gt;$totalAnticipo&lt;/totalAnticipo&gt;&lt;!--Optional:--&gt;&lt;nombreDistribuidor&gt;$nombreDistribuidor&lt;/nombreDistribuidor&gt;&lt;!--Optional:--&gt;&lt;correoDistribuidor&gt;$correoDistribuidor&lt;/correoDistribuidor&gt;&lt;!--Optional:--&gt;&lt;calleDistribuidor&gt;$calleDistribuidor&lt;/calleDistribuidor&gt;&lt;!--Optional:--&gt;&lt;plazazDistribuidor&gt;$plazazDistribuidor&lt;/plazazDistribuidor&gt;&lt;!--Optional:--&gt;&lt;ciudadDistribuidor&gt;$ciudadDistribuidor&lt;/ciudadDistribuidor&gt;&lt;!--Optional:--&gt;&lt;telefonoDistribuidor&gt;$telefonoDistribuidor&lt;/telefonoDistribuidor&gt;&lt;!--Optional:--&gt;&lt;leyendaLegal&gt;$leyendaLegal&lt;/leyendaLegal&gt;&lt;!--Optional:--&gt;&lt;url&gt;$url&lt;/url&gt;&lt;!--Optional:--&gt;&lt;nombreCliente&gt;$nombreCliente&lt;/nombreCliente&gt;&lt;!--Optional:--&gt;&lt;apellidoCliente&gt;$apellidoCliente&lt;/apellidoCliente&gt;&lt;!--Optional:--&gt;&lt;metodoContactoCliente&gt;$metodoContactoCliente&lt;/metodoContactoCliente&gt;&lt;!--Optional:--&gt;&lt;emailCliente&gt;$emailCliente&lt;/emailCliente&gt;&lt;!--Optional:--&gt;&lt;telefonoCliente&gt;$telefonoCliente&lt;/telefonoCliente&gt;&lt;!--Optional:--&gt;&lt;direccionCliente&gt;$direccionCliente&lt;/direccionCliente&gt;&lt;/del:enviarCotizacion&gt;&lt;/soapenv:Body&gt;&lt;/soapenv:Envelope&gt;">
            <accessType></accessType>
        </template-param>
    </service-input>
    <service-output passthrough="false">
        <param datatype="string" defaultvalue="" description="" encode="false" format="None" formatvalue="" name="codigo" order="" sms-name="" src="//ns2:enviarCotizacionResponse/MyDfsResponse/codigo" sourcevalue="" srcformatvalue="" target="response" targetdatatype="" value="">
            <accessType></accessType>
        </param>
        <param datatype="boolean" defaultvalue="" description="" encode="false" format="None" formatvalue="" name="resultado" order="" sms-name="" src="//ns2:enviarCotizacionResponse/MyDfsResponse/contenido/response" sourcevalue="" srcformatvalue="" target="response" targetdatatype="" value="">
            <accessType></accessType>
        </param>
        <param datatype="number" defaultvalue="" description="" encode="false" format="None" formatvalue="" name="opstatus" order="" sms-name="" src="" sourcevalue="" srcformatvalue="" target="" targetdatatype="" value="">
            <accessType></accessType>
        </param>
        <param datatype="string" defaultvalue="" description="" encode="false" format="None" formatvalue="" name="errmsg" order="" sms-name="" src="" sourcevalue="" srcformatvalue="" target="" targetdatatype="" value="">
            <accessType></accessType>
        </param>
        <param datatype="number" defaultvalue="" description="" encode="false" format="None" formatvalue="" name="httpStatusCode" order="" sms-name="" src="" sourcevalue="" srcformatvalue="" target="" targetdatatype="" value="">
            <accessType></accessType>
        </param>
    </service-output>
</service>
