<?xml version="1.0" encoding="UTF-8" standalone="yes"?>
<service serviceGroup="" cachable="false" cacheduration="" endpoint="default" groupType="" id="obtenerModelosCotizador" passwordencrypted="true" security="public" type="soapserviceConnector" smscode="" smsenabled="false">
    <service-config>
        <config-param api-version="" appid="" name="endpointUrl" value="http://www.qa.mbfs.com.mx/cotizadorveRTI/myDFSWs"/>
        <config-param api-version="" appid="" name="soapAction" value=""/>
        <config-param api-version="" appid="" name="soap-version" value="1.1"/>
        <config-param api-version="" appid="" name="postprocessorname" value=""/>
        <config-param api-version="" appid="" name="preprocessorname" value=""/>
        <config-param api-version="" appid="" name="urlprovider" value=""/>
        <config-param api-version="" appid="" name="dataprovider" value=""/>
        <config-param api-version="" appid="" name="sockettimeout" value=""/>
        <config-param api-version="" appid="" name="includecookies" value=""/>
        <config-param api-version="" appid="" name="proxyname" value=""/>
        <config-param api-version="" appid="" name="proxyport" value=""/>
        <config-param api-version="" appid="" name="proxyusername" value=""/>
        <config-param api-version="" appid="" name="isembedxmlpresent" value="false"/>
        <config-param api-version="" appid="" name="ignorehttpproxy" value="false"/>
        <config-param api-version="" appid="" name="responseEncoding" value="UTF-8"/>
    </service-config>
    <service-input passthrough="false">
        <template-param datatype="" defaultvalue="&lt;soapenv:Envelope xmlns:soapenv=&quot;http://schemas.xmlsoap.org/soap/envelope/&quot; xmlns:del=&quot;http://delegate.cotizador.mydfs.ws.daimler.com/&quot;&gt;&lt;soapenv:Header/&gt;&lt;soapenv:Body&gt;&lt;del:obtenerModelosCotizador/&gt;&lt;/soapenv:Body&gt;&lt;/soapenv:Envelope&gt;" description="" encode="false" format="" formatvalue="" name="message" order="" sms-name="" src="" sourcevalue="" srcformatvalue="" target="" targetdatatype="" value="&lt;soapenv:Envelope xmlns:soapenv=&quot;http://schemas.xmlsoap.org/soap/envelope/&quot; xmlns:del=&quot;http://delegate.cotizador.mydfs.ws.daimler.com/&quot;&gt;&lt;soapenv:Header/&gt;&lt;soapenv:Body&gt;&lt;del:obtenerModelosCotizador/&gt;&lt;/soapenv:Body&gt;&lt;/soapenv:Envelope&gt;">
            <accessType></accessType>
        </template-param>
    </service-input>
    <service-output passthrough="false">
        <dataset id="lstModelos" order="" src="//ns2:obtenerModelosCotizadorResponse/MyDfsResponse/contenido">
            <dataset id="lstTipos" order="" src="lstResponse/lstTipo">
                <param datatype="string" defaultvalue="" description="" encode="false" format="None" formatvalue="" name="id" order="" sms-name="" src="lstTipoBO/id" sourcevalue="" srcformatvalue="" target="response" targetdatatype="" value="">
                    <accessType></accessType>
                </param>
                <param datatype="string" defaultvalue="" description="" encode="false" format="None" formatvalue="" name="descripcion" order="" sms-name="" src="lstTipoBO/descripcion" sourcevalue="" srcformatvalue="" target="response" targetdatatype="" value="">
                    <accessType></accessType>
                </param>
            </dataset>
            <param datatype="string" defaultvalue="" description="" encode="false" format="None" formatvalue="" name="id" order="" sms-name="" src="lstResponse/id" sourcevalue="" srcformatvalue="" target="response" targetdatatype="" value="">
                <accessType></accessType>
            </param>
            <param datatype="string" defaultvalue="" description="" encode="false" format="None" formatvalue="" name="descripcion" order="" sms-name="" src="lstResponse/descripcion" sourcevalue="" srcformatvalue="" target="response" targetdatatype="" value="">
                <accessType></accessType>
            </param>
        </dataset>
        <param datatype="string" defaultvalue="" description="" encode="false" format="None" formatvalue="" name="codigo" order="" sms-name="" src="//ns2:obtenerModelosCotizadorResponse/MyDfsResponse/codigo" sourcevalue="" srcformatvalue="" target="response" targetdatatype="" value="">
            <accessType></accessType>
        </param>
        <param datatype="number" defaultvalue="" description="" encode="false" format="None" formatvalue="" name="opstatus" order="" sms-name="" src="" sourcevalue="" srcformatvalue="" target="" targetdatatype="" value="">
            <accessType></accessType>
        </param>
        <param datatype="string" defaultvalue="" description="" encode="false" format="None" formatvalue="" name="errmsg" order="" sms-name="" src="" sourcevalue="" srcformatvalue="" target="" targetdatatype="" value="">
            <accessType></accessType>
        </param>
        <param datatype="number" defaultvalue="" description="" encode="false" format="None" formatvalue="" name="httpStatusCode" order="" sms-name="" src="" sourcevalue="" srcformatvalue="" target="" targetdatatype="" value="">
            <accessType></accessType>
        </param>
    </service-output>
</service>
