<?xml version="1.0" encoding="UTF-8" standalone="yes"?>
<service serviceGroup="" cachable="false" cacheduration="" endpoint="default" groupType="" id="obtenerCotizacionPrecio" passwordencrypted="true" security="public" type="soapserviceConnector" smscode="" smsenabled="false">
    <service-config>
        <config-param api-version="" appid="" name="endpointUrl" value="http://www.qa.mbfs.com.mx/cotizadorveRTI/myDFSWs"/>
        <config-param api-version="" appid="" name="soapAction" value=""/>
        <config-param api-version="" appid="" name="soap-version" value="1.1"/>
        <config-param api-version="" appid="" name="postprocessorname" value=""/>
        <config-param api-version="" appid="" name="preprocessorname" value=""/>
        <config-param api-version="" appid="" name="urlprovider" value=""/>
        <config-param api-version="" appid="" name="dataprovider" value=""/>
        <config-param api-version="" appid="" name="sockettimeout" value=""/>
        <config-param api-version="" appid="" name="includecookies" value=""/>
        <config-param api-version="" appid="" name="proxyname" value=""/>
        <config-param api-version="" appid="" name="proxyport" value=""/>
        <config-param api-version="" appid="" name="proxyusername" value=""/>
        <config-param api-version="" appid="" name="isembedxmlpresent" value="false"/>
        <config-param api-version="" appid="" name="ignorehttpproxy" value="false"/>
        <config-param api-version="" appid="" name="responseEncoding" value="UTF-8"/>
    </service-config>
    <service-input passthrough="false">
        <param datatype="string" defaultvalue="" description="" encode="true" format="" formatvalue="" name="idTipo" order="" sms-name="" src="request" sourcevalue="" srcformatvalue="" target="" targetdatatype="" testvalue="4250" value="">
            <accessType></accessType>
        </param>
        <param datatype="string" defaultvalue="" description="" encode="true" format="" formatvalue="" name="tipoPersona" order="" sms-name="" src="request" sourcevalue="" srcformatvalue="" target="" targetdatatype="" testvalue="0" value="">
            <accessType></accessType>
        </param>
        <param datatype="string" defaultvalue="" description="" encode="true" format="" formatvalue="" name="tipoFinanciamiento" order="" sms-name="" src="request" sourcevalue="" srcformatvalue="" target="" targetdatatype="" testvalue="4" value="">
            <accessType></accessType>
        </param>
        <param datatype="string" defaultvalue="" description="" encode="true" format="" formatvalue="" name="idEstado" order="" sms-name="" src="request" sourcevalue="" srcformatvalue="" target="" targetdatatype="" testvalue="1" value="">
            <accessType></accessType>
        </param>
        <param datatype="string" defaultvalue="" description="" encode="true" format="" formatvalue="" name="idPlan" order="" sms-name="" src="request" sourcevalue="" srcformatvalue="" target="" targetdatatype="" testvalue="2239" value="">
            <accessType></accessType>
        </param>
        <param datatype="string" defaultvalue="" description="" encode="true" format="" formatvalue="" name="cantidadMeses" order="" sms-name="" src="request" sourcevalue="" srcformatvalue="" target="" targetdatatype="" testvalue="50" value="">
            <accessType></accessType>
        </param>
        <param datatype="string" defaultvalue="" description="" encode="true" format="" formatvalue="" name="porcentajeEnganche" order="" sms-name="" src="request" sourcevalue="" srcformatvalue="" target="" targetdatatype="" testvalue="59" value="">
            <accessType></accessType>
        </param>
        <param datatype="string" defaultvalue="" description="" encode="true" format="" formatvalue="" name="precio" order="" sms-name="" src="request" sourcevalue="" srcformatvalue="" target="" targetdatatype="" testvalue="444800" value="">
            <accessType></accessType>
        </param>
        <template-param datatype="" defaultvalue="&lt;soapenv:Envelope xmlns:del=&quot;http://delegate.cotizador.mydfs.ws.daimler.com/&quot; xmlns:soapenv=&quot;http://schemas.xmlsoap.org/soap/envelope/&quot;&gt;&lt;soapenv:Header/&gt;&lt;soapenv:Body&gt;&lt;del:obtenerCotizacionPrecio&gt;&lt;!--Optional:--&gt;&lt;idTipo&gt;$idTipo&lt;/idTipo&gt;&lt;!--Optional:--&gt;&lt;tipoPersona&gt;$tipoPersona&lt;/tipoPersona&gt;&lt;!--Optional:--&gt;&lt;tipoFinanciamiento&gt;$tipoFinanciamiento&lt;/tipoFinanciamiento&gt;&lt;!--Optional:--&gt;&lt;idEstado&gt;$idEstado&lt;/idEstado&gt;&lt;!--Optional:--&gt;&lt;idPlan&gt;$idPlan&lt;/idPlan&gt;&lt;!--Optional:--&gt;&lt;cantidadMeses&gt;$cantidadMeses&lt;/cantidadMeses&gt;&lt;!--Optional:--&gt;&lt;porcentajeEnganche&gt;$porcentajeEnganche&lt;/porcentajeEnganche&gt;&lt;!--Optional:--&gt;&lt;precio&gt;$precio&lt;/precio&gt;&lt;/del:obtenerCotizacionPrecio&gt;&lt;/soapenv:Body&gt;&lt;/soapenv:Envelope&gt;" description="" encode="false" format="" formatvalue="" name="message" order="" sms-name="" src="" sourcevalue="" srcformatvalue="" target="" targetdatatype="" value="&lt;soapenv:Envelope xmlns:del=&quot;http://delegate.cotizador.mydfs.ws.daimler.com/&quot; xmlns:soapenv=&quot;http://schemas.xmlsoap.org/soap/envelope/&quot;&gt;&lt;soapenv:Header/&gt;&lt;soapenv:Body&gt;&lt;del:obtenerCotizacionPrecio&gt;&lt;!--Optional:--&gt;&lt;idTipo&gt;$idTipo&lt;/idTipo&gt;&lt;!--Optional:--&gt;&lt;tipoPersona&gt;$tipoPersona&lt;/tipoPersona&gt;&lt;!--Optional:--&gt;&lt;tipoFinanciamiento&gt;$tipoFinanciamiento&lt;/tipoFinanciamiento&gt;&lt;!--Optional:--&gt;&lt;idEstado&gt;$idEstado&lt;/idEstado&gt;&lt;!--Optional:--&gt;&lt;idPlan&gt;$idPlan&lt;/idPlan&gt;&lt;!--Optional:--&gt;&lt;cantidadMeses&gt;$cantidadMeses&lt;/cantidadMeses&gt;&lt;!--Optional:--&gt;&lt;porcentajeEnganche&gt;$porcentajeEnganche&lt;/porcentajeEnganche&gt;&lt;!--Optional:--&gt;&lt;precio&gt;$precio&lt;/precio&gt;&lt;/del:obtenerCotizacionPrecio&gt;&lt;/soapenv:Body&gt;&lt;/soapenv:Envelope&gt;">
            <accessType></accessType>
        </template-param>
    </service-input>
    <service-output passthrough="false">
        <param datatype="string" defaultvalue="" description="" encode="false" format="None" formatvalue="" name="codigo" order="" sms-name="" src="//ns2:obtenerCotizacionPrecioResponse/MyDfsResponse/codigo" sourcevalue="" srcformatvalue="" target="response" targetdatatype="" value="">
            <accessType></accessType>
        </param>
        <param datatype="string" defaultvalue="" description="" encode="false" format="None" formatvalue="" name="leyenda" order="" sms-name="" src="//ns2:obtenerCotizacionPrecioResponse/MyDfsResponse/contenido/response/leyenda" sourcevalue="" srcformatvalue="" target="response" targetdatatype="" value="">
            <accessType></accessType>
        </param>
        <param datatype="number" defaultvalue="" description="" encode="false" format="None" formatvalue="" name="mensualidad" order="" sms-name="" src="//ns2:obtenerCotizacionPrecioResponse/MyDfsResponse/contenido/response/mensualidad" sourcevalue="" srcformatvalue="" target="response" targetdatatype="" value="">
            <accessType></accessType>
        </param>
        <param datatype="string" defaultvalue="" description="" encode="false" format="None" formatvalue="" name="sEnganche" order="" sms-name="" src="//ns2:obtenerCotizacionPrecioResponse/MyDfsResponse/contenido/response/sEnganche" sourcevalue="" srcformatvalue="" target="response" targetdatatype="" value="">
            <accessType></accessType>
        </param>
        <param datatype="string" defaultvalue="" description="" encode="false" format="None" formatvalue="" name="sEstado" order="" sms-name="" src="//ns2:obtenerCotizacionPrecioResponse/MyDfsResponse/contenido/response/sEstado" sourcevalue="" srcformatvalue="" target="response" targetdatatype="" value="">
            <accessType></accessType>
        </param>
        <param datatype="string" defaultvalue="" description="" encode="false" format="None" formatvalue="" name="sModelo" order="" sms-name="" src="//ns2:obtenerCotizacionPrecioResponse/MyDfsResponse/contenido/response/sModelo" sourcevalue="" srcformatvalue="" target="response" targetdatatype="" value="">
            <accessType></accessType>
        </param>
        <param datatype="string" defaultvalue="" description="" encode="false" format="None" formatvalue="" name="sPlan" order="" sms-name="" src="//ns2:obtenerCotizacionPrecioResponse/MyDfsResponse/contenido/response/sPlan" sourcevalue="" srcformatvalue="" target="response" targetdatatype="" value="">
            <accessType></accessType>
        </param>
        <param datatype="string" defaultvalue="" description="" encode="false" format="None" formatvalue="" name="sPrecioUnidad" order="" sms-name="" src="//ns2:obtenerCotizacionPrecioResponse/MyDfsResponse/contenido/response/sPrecioUnidad" sourcevalue="" srcformatvalue="" target="response" targetdatatype="" value="">
            <accessType></accessType>
        </param>
        <param datatype="string" defaultvalue="" description="" encode="false" format="None" formatvalue="" name="sTipoCredito" order="" sms-name="" src="//ns2:obtenerCotizacionPrecioResponse/MyDfsResponse/contenido/response/sTipoCredito" sourcevalue="" srcformatvalue="" target="response" targetdatatype="" value="">
            <accessType></accessType>
        </param>
        <param datatype="string" defaultvalue="" description="" encode="false" format="None" formatvalue="" name="sTipoPersona" order="" sms-name="" src="//ns2:obtenerCotizacionPrecioResponse/MyDfsResponse/contenido/response/sTipoPersona" sourcevalue="" srcformatvalue="" target="response" targetdatatype="" value="">
            <accessType></accessType>
        </param>
        <param datatype="string" defaultvalue="" description="" encode="false" format="None" formatvalue="" name="sVersion" order="" sms-name="" src="//ns2:obtenerCotizacionPrecioResponse/MyDfsResponse/contenido/response/sVersion" sourcevalue="" srcformatvalue="" target="response" targetdatatype="" value="">
            <accessType></accessType>
        </param>
        <param datatype="string" defaultvalue="" description="" encode="false" format="None" formatvalue="" name="smensualidad" order="" sms-name="" src="//ns2:obtenerCotizacionPrecioResponse/MyDfsResponse/contenido/response/smensualidad" sourcevalue="" srcformatvalue="" target="response" targetdatatype="" value="">
            <accessType></accessType>
        </param>
        <param datatype="string" defaultvalue="" description="" encode="false" format="None" formatvalue="" name="stotalAnticipo" order="" sms-name="" src="//ns2:obtenerCotizacionPrecioResponse/MyDfsResponse/contenido/response/stotalAnticipo" sourcevalue="" srcformatvalue="" target="response" targetdatatype="" value="">
            <accessType></accessType>
        </param>
        <param datatype="string" defaultvalue="" description="" encode="false" format="None" formatvalue="" name="svalorfinal" order="" sms-name="" src="//ns2:obtenerCotizacionPrecioResponse/MyDfsResponse/contenido/response/svalorFinal" sourcevalue="" srcformatvalue="" target="response" targetdatatype="" value="">
            <accessType></accessType>
        </param>
        <param datatype="string" defaultvalue="" description="" encode="false" format="None" formatvalue="" name="sComisionApertura" order="" sms-name="" src="//ns2:obtenerCotizacionPrecioResponse/MyDfsResponse/contenido/response/sComisionApertura" sourcevalue="" srcformatvalue="" target="response" targetdatatype="" value="">
            <accessType></accessType>
        </param>
        <param datatype="number" defaultvalue="" description="" encode="false" format="None" formatvalue="" name="opstatus" order="" sms-name="" src="" sourcevalue="" srcformatvalue="" target="" targetdatatype="" value="">
            <accessType></accessType>
        </param>
        <param datatype="string" defaultvalue="" description="" encode="false" format="None" formatvalue="" name="errmsg" order="" sms-name="" src="" sourcevalue="" srcformatvalue="" target="" targetdatatype="" value="">
            <accessType></accessType>
        </param>
        <param datatype="number" defaultvalue="" description="" encode="false" format="None" formatvalue="" name="httpStatusCode" order="" sms-name="" src="" sourcevalue="" srcformatvalue="" target="" targetdatatype="" value="">
            <accessType></accessType>
        </param>
    </service-output>
</service>
