<?xml version="1.0" encoding="UTF-8" standalone="yes"?>
<service serviceGroup="" cachable="false" cacheduration="" endpoint="default" groupType="" id="obtenerDetalleContrato" passwordencrypted="true" security="public" type="soapserviceConnector" smscode="" smsenabled="false">
    <service-config>
        <config-param api-version="" appid="" name="endpointUrl" value="http://www.qa.mbfs.com.mx:80/SiteClientes/mydfs/obtenerDetalleContratoWS"/>
        <config-param api-version="" appid="" name="soapAction" value=""/>
        <config-param api-version="" appid="" name="soap-version" value="1.1"/>
        <config-param api-version="" appid="" name="postprocessorname" value=""/>
        <config-param api-version="" appid="" name="preprocessorname" value=""/>
        <config-param api-version="" appid="" name="urlprovider" value=""/>
        <config-param api-version="" appid="" name="dataprovider" value=""/>
        <config-param api-version="" appid="" name="sockettimeout" value=""/>
        <config-param api-version="" appid="" name="includecookies" value=""/>
        <config-param api-version="" appid="" name="proxyname" value=""/>
        <config-param api-version="" appid="" name="proxyport" value=""/>
        <config-param api-version="" appid="" name="proxyusername" value=""/>
        <config-param api-version="" appid="" name="isembedxmlpresent" value="false"/>
        <config-param api-version="" appid="" name="ignorehttpproxy" value="false"/>
        <config-param api-version="" appid="" name="responseEncoding" value="UTF-8"/>
    </service-config>
    <service-input passthrough="false">
        <param datatype="string" defaultvalue="" description="" encode="true" format="" formatvalue="" name="operacionMaestra" order="" sms-name="" src="" sourcevalue="" srcformatvalue="" target="" targetdatatype="" testvalue="32507-CD" value="">
            <accessType></accessType>
        </param>
        <template-param datatype="" defaultvalue="&lt;soapenv:Envelope xmlns:del=&quot;http://delegate.mydfs.ws.daimler.com/&quot; xmlns:soapenv=&quot;http://schemas.xmlsoap.org/soap/envelope/&quot;&gt;&lt;soapenv:Header/&gt;&lt;soapenv:Body&gt;&lt;del:obtenerDetalleContrato&gt;&lt;!--Optional:--&gt;&lt;numeroContrato&gt;$operacionMaestra&lt;/numeroContrato&gt;&lt;/del:obtenerDetalleContrato&gt;&lt;/soapenv:Body&gt;&lt;/soapenv:Envelope&gt;" description="" encode="false" format="" formatvalue="" name="message" order="" sms-name="" src="" sourcevalue="" srcformatvalue="" target="" targetdatatype="" value="&lt;soapenv:Envelope xmlns:del=&quot;http://delegate.mydfs.ws.daimler.com/&quot; xmlns:soapenv=&quot;http://schemas.xmlsoap.org/soap/envelope/&quot;&gt;&lt;soapenv:Header/&gt;&lt;soapenv:Body&gt;&lt;del:obtenerDetalleContrato&gt;&lt;!--Optional:--&gt;&lt;numeroContrato&gt;$operacionMaestra&lt;/numeroContrato&gt;&lt;/del:obtenerDetalleContrato&gt;&lt;/soapenv:Body&gt;&lt;/soapenv:Envelope&gt;">
            <accessType></accessType>
        </template-param>
    </service-input>
    <service-output passthrough="false">
        <dataset id="lstContenido" order="" src="//ns2:obtenerDetalleContratoResponse/MyDfsResponse/contenido">
            <dataset id="lstAseguradora" order="" src="response/lstdatosAseguradora">
                <param datatype="string" defaultvalue="" description="" encode="false" format="None" formatvalue="" name="aseguradoraVencimiento" order="" sms-name="" src="//fechaVencimiento" sourcevalue="" srcformatvalue="" target="response" targetdatatype="" value="">
                    <accessType></accessType>
                </param>
                <param datatype="string" defaultvalue="" description="" encode="false" format="None" formatvalue="" name="aseguradoraNombre" order="" sms-name="" src="//nombreAseguradora" sourcevalue="" srcformatvalue="" target="response" targetdatatype="" value="">
                    <accessType></accessType>
                </param>
                <param datatype="string" defaultvalue="" description="" encode="false" format="None" formatvalue="" name="aseguradoraPoliza" order="" sms-name="" src="//numeroPoliza" sourcevalue="" srcformatvalue="" target="response" targetdatatype="" value="">
                    <accessType></accessType>
                </param>
                <param datatype="string" defaultvalue="" description="" encode="false" format="None" formatvalue="" name="aseguradoraTipoActivo" order="" sms-name="" src="//tipoActivo" sourcevalue="" srcformatvalue="" target="response" targetdatatype="" value="">
                    <accessType></accessType>
                </param>
            </dataset>
            <param datatype="string" defaultvalue="" description="" encode="false" format="None" formatvalue="" name="mostrarBeneficio" order="" sms-name="" src="response/bmostrarBenreficios" sourcevalue="" srcformatvalue="" target="response" targetdatatype="" value="">
                <accessType></accessType>
            </param>
            <param datatype="string" defaultvalue="" description="" encode="false" format="None" formatvalue="" name="anio" order="" sms-name="" src="response/sAnio" sourcevalue="" srcformatvalue="" target="response" targetdatatype="" value="">
                <accessType></accessType>
            </param>
            <param datatype="string" defaultvalue="" description="" encode="false" format="None" formatvalue="" name="fechaInicio" order="" sms-name="" src="response/sFechaInicio" sourcevalue="" srcformatvalue="" target="response" targetdatatype="" value="">
                <accessType></accessType>
            </param>
            <param datatype="string" defaultvalue="" description="" encode="false" format="None" formatvalue="" name="fechaUltimoPago" order="" sms-name="" src="response/sFechaUltimoPago" sourcevalue="" srcformatvalue="" target="response" targetdatatype="" value="">
                <accessType></accessType>
            </param>
            <param datatype="string" defaultvalue="" description="" encode="false" format="None" formatvalue="" name="mensualidad" order="" sms-name="" src="response/sMensualidad" sourcevalue="" srcformatvalue="" target="response" targetdatatype="" value="">
                <accessType></accessType>
            </param>
            <param datatype="string" defaultvalue="" description="" encode="false" format="None" formatvalue="" name="modelo" order="" sms-name="" src="response/sModelo" sourcevalue="" srcformatvalue="" target="response" targetdatatype="" value="">
                <accessType></accessType>
            </param>
            <param datatype="string" defaultvalue="" description="" encode="false" format="None" formatvalue="" name="nombreCliente" order="" sms-name="" src="response/sNombrecliente" sourcevalue="" srcformatvalue="" target="response" targetdatatype="" value="">
                <accessType></accessType>
            </param>
            <param datatype="string" defaultvalue="" description="" encode="false" format="None" formatvalue="" name="numeroContrato" order="" sms-name="" src="response/sNumeroContrato" sourcevalue="" srcformatvalue="" target="response" targetdatatype="" value="">
                <accessType></accessType>
            </param>
            <param datatype="string" defaultvalue="" description="" encode="false" format="None" formatvalue="" name="referencia" order="" sms-name="" src="response/sReferencia" sourcevalue="" srcformatvalue="" target="response" targetdatatype="" value="">
                <accessType></accessType>
            </param>
            <param datatype="string" defaultvalue="" description="" encode="false" format="None" formatvalue="" name="terminacionContrato" order="" sms-name="" src="response/sTextoTerminacionContrato" sourcevalue="" srcformatvalue="" target="response" targetdatatype="" value="">
                <accessType></accessType>
            </param>
            <param datatype="string" defaultvalue="" description="" encode="false" format="None" formatvalue="" name="tipoContrato" order="" sms-name="" src="response/sTipoContrato" sourcevalue="" srcformatvalue="" target="response" targetdatatype="" value="">
                <accessType></accessType>
            </param>
            <param datatype="string" defaultvalue="" description="" encode="false" format="None" formatvalue="" name="vinUnidad" order="" sms-name="" src="response/sVinUnidad" sourcevalue="" srcformatvalue="" target="response" targetdatatype="" value="">
                <accessType></accessType>
            </param>
            <param datatype="string" defaultvalue="" description="" encode="false" format="None" formatvalue="" name="diaPago" order="" sms-name="" src="response/sDiaPago" sourcevalue="" srcformatvalue="" target="response" targetdatatype="" value="">
                <accessType></accessType>
            </param>
        </dataset>
        <param datatype="string" defaultvalue="" description="" encode="false" format="None" formatvalue="" name="codigo" order="" sms-name="" src="//ns2:obtenerDetalleContratoResponse/MyDfsResponse/codigo" sourcevalue="" srcformatvalue="" target="response" targetdatatype="" value="">
            <accessType></accessType>
        </param>
        <param datatype="number" defaultvalue="" description="" encode="false" format="None" formatvalue="" name="opstatus" order="" sms-name="" src="" sourcevalue="" srcformatvalue="" target="" targetdatatype="" value="">
            <accessType></accessType>
        </param>
        <param datatype="string" defaultvalue="" description="" encode="false" format="None" formatvalue="" name="errmsg" order="" sms-name="" src="" sourcevalue="" srcformatvalue="" target="" targetdatatype="" value="">
            <accessType></accessType>
        </param>
        <param datatype="number" defaultvalue="" description="" encode="false" format="None" formatvalue="" name="httpStatusCode" order="" sms-name="" src="" sourcevalue="" srcformatvalue="" target="" targetdatatype="" value="">
            <accessType></accessType>
        </param>
    </service-output>
</service>
