<?xml version="1.0" encoding="UTF-8" standalone="yes"?>
<service serviceGroup="" cachable="false" cacheduration="" endpoint="default" groupType="" id="validarUsuario" passwordencrypted="true" security="public" type="soapserviceConnector" smscode="" smsenabled="false">
    <service-config>
        <config-param api-version="" appid="" name="endpointUrl" value="http://www.qa.mbfs.com.mx/SiteClientes/mydfs/loginWS"/>
        <config-param api-version="" appid="" name="soapAction" value=""/>
        <config-param api-version="" appid="" name="soap-version" value="1.1"/>
        <config-param api-version="" appid="" name="postprocessorname" value=""/>
        <config-param api-version="" appid="" name="preprocessorname" value=""/>
        <config-param api-version="" appid="" name="urlprovider" value=""/>
        <config-param api-version="" appid="" name="dataprovider" value=""/>
        <config-param api-version="" appid="" name="sockettimeout" value=""/>
        <config-param api-version="" appid="" name="includecookies" value=""/>
        <config-param api-version="" appid="" name="proxyname" value=""/>
        <config-param api-version="" appid="" name="proxyport" value=""/>
        <config-param api-version="" appid="" name="proxyusername" value=""/>
        <config-param api-version="" appid="" name="isembedxmlpresent" value="true"/>
        <config-param api-version="" appid="" name="ignorehttpproxy" value="true"/>
        <config-param api-version="" appid="" name="responseEncoding" value="UTF-8"/>
    </service-config>
    <service-input passthrough="false">
        <param datatype="string" defaultvalue="" description="" encode="true" format="" formatvalue="" name="contrasena" order="" sms-name="" src="request" sourcevalue="" srcformatvalue="" target="" targetdatatype="" testvalue="32f6ecd937ed0b69193f8e6a416178ac" value="">
            <accessType></accessType>
        </param>
        <param datatype="string" defaultvalue="" description="" encode="true" format="" formatvalue="" name="usuario" order="" sms-name="" src="request" sourcevalue="" srcformatvalue="" target="" targetdatatype="" testvalue="BIO MASTER" value="">
            <accessType></accessType>
        </param>
        <param datatype="string" defaultvalue="" description="" encode="true" format="" formatvalue="" name="dispositivo" order="" sms-name="" src="request" sourcevalue="" srcformatvalue="" target="" targetdatatype="" testvalue="AAAAAA" value="">
            <accessType></accessType>
        </param>
        <template-param datatype="" defaultvalue="&lt;soapenv:Envelope xmlns:del=&quot;http://delegate.mydfs.ws.daimler.com/&quot; xmlns:soapenv=&quot;http://schemas.xmlsoap.org/soap/envelope/&quot;&gt;&lt;soapenv:Header/&gt;&lt;soapenv:Body&gt;&lt;del:validarUsuario&gt;&lt;!--Optional:--&gt;&lt;usuario&gt;$usuario&lt;/usuario&gt;&lt;!--Optional:--&gt;&lt;contrasena&gt;$contrasena&lt;/contrasena&gt;&lt;!--Optional:--&gt;&lt;dispositivoid&gt;$dispositivo&lt;/dispositivoid&gt;&lt;/del:validarUsuario&gt;&lt;/soapenv:Body&gt;&lt;/soapenv:Envelope&gt;" description="" encode="false" format="" formatvalue="" name="message" order="" sms-name="" src="" sourcevalue="" srcformatvalue="" target="" targetdatatype="" value="&lt;soapenv:Envelope xmlns:del=&quot;http://delegate.mydfs.ws.daimler.com/&quot; xmlns:soapenv=&quot;http://schemas.xmlsoap.org/soap/envelope/&quot;&gt;&lt;soapenv:Header/&gt;&lt;soapenv:Body&gt;&lt;del:validarUsuario&gt;&lt;!--Optional:--&gt;&lt;usuario&gt;$usuario&lt;/usuario&gt;&lt;!--Optional:--&gt;&lt;contrasena&gt;$contrasena&lt;/contrasena&gt;&lt;!--Optional:--&gt;&lt;dispositivoid&gt;$dispositivo&lt;/dispositivoid&gt;&lt;/del:validarUsuario&gt;&lt;/soapenv:Body&gt;&lt;/soapenv:Envelope&gt;">
            <accessType></accessType>
        </template-param>
    </service-input>
    <service-output passthrough="false">
        <dataset id="cliente" order="" src="//ns2:validarUsuarioResponse/MyDfsResponse/contenido/response/cliente">
            <dataset id="lstNumeroClientes" order="" src="lstNumeroClientes">
                <param datatype="number" defaultvalue="" description="" encode="false" format="None" formatvalue="" name="idContrato" order="" sms-name="" src="lstContratos/idContrato" sourcevalue="" srcformatvalue="" target="response" targetdatatype="" value="">
                    <accessType></accessType>
                </param>
                <param datatype="number" defaultvalue="" description="" encode="false" format="None" formatvalue="" name="mensualidadActual" order="" sms-name="" src="lstContratos/mensualidadActual" sourcevalue="" srcformatvalue="" target="response" targetdatatype="" value="">
                    <accessType></accessType>
                </param>
                <param datatype="string" defaultvalue="" description="" encode="false" format="None" formatvalue="" name="numeroContrato" order="" sms-name="" src="lstContratos/numeroContrato" sourcevalue="" srcformatvalue="" target="response" targetdatatype="" value="">
                    <accessType></accessType>
                </param>
                <param datatype="number" defaultvalue="" description="" encode="false" format="None" formatvalue="" name="numeroPlazos" order="" sms-name="" src="lstContratos/numeroPlazos" sourcevalue="" srcformatvalue="" target="response" targetdatatype="" value="">
                    <accessType></accessType>
                </param>
                <param datatype="boolean" defaultvalue="" description="" encode="false" format="None" formatvalue="" name="vencido" order="" sms-name="" src="lstContratos/vencido" sourcevalue="" srcformatvalue="" target="response" targetdatatype="" value="">
                    <accessType></accessType>
                </param>
                <param datatype="number" defaultvalue="" description="" encode="false" format="None" formatvalue="" name="numeroCliente" order="" sms-name="" src="numeroCliente" sourcevalue="" srcformatvalue="" target="response" targetdatatype="" value="">
                    <accessType></accessType>
                </param>
                <param datatype="string" defaultvalue="" description="" encode="false" format="None" formatvalue="" name="empresa" order="" sms-name="" src="lstContratos/empresa" sourcevalue="" srcformatvalue="" target="" targetdatatype="" value="">
                    <accessType></accessType>
                </param>
            </dataset>
        </dataset>
        <param datatype="number" defaultvalue="" description="" encode="false" format="None" formatvalue="" name="codigo" order="" sms-name="" src="//ns2:validarUsuarioResponse/MyDfsResponse/codigo" sourcevalue="" srcformatvalue="" target="response" targetdatatype="" value="">
            <accessType></accessType>
        </param>
        <param datatype="string" defaultvalue="" description="" encode="false" format="None" formatvalue="" name="correo" order="" sms-name="" src="//ns2:validarUsuarioResponse/MyDfsResponse/contenido/response/cliente/correo" sourcevalue="" srcformatvalue="" target="response" targetdatatype="" value="">
            <accessType></accessType>
        </param>
        <param datatype="string" defaultvalue="" description="" encode="false" format="None" formatvalue="" name="nombre" order="" sms-name="" src="//ns2:validarUsuarioResponse/MyDfsResponse/contenido/response/cliente/nombre" sourcevalue="" srcformatvalue="" target="response" targetdatatype="" value="">
            <accessType></accessType>
        </param>
        <param datatype="string" defaultvalue="" description="" encode="false" format="None" formatvalue="" name="rfc" order="" sms-name="" src="//ns2:validarUsuarioResponse/MyDfsResponse/contenido/response/cliente/rfc" sourcevalue="" srcformatvalue="" target="response" targetdatatype="" value="">
            <accessType></accessType>
        </param>
        <param datatype="boolean" defaultvalue="" description="" encode="false" format="None" formatvalue="" name="passwordGenerado" order="" sms-name="" src="//ns2:validarUsuarioResponse/MyDfsResponse/contenido/response/passwordGenerado" sourcevalue="" srcformatvalue="" target="response" targetdatatype="" value="">
            <accessType></accessType>
        </param>
        <param datatype="string" defaultvalue="" description="" encode="false" format="None" formatvalue="" name="usuario" order="" sms-name="" src="//ns2:validarUsuarioResponse/MyDfsResponse/contenido/response/usuario" sourcevalue="" srcformatvalue="" target="response" targetdatatype="" value="">
            <accessType></accessType>
        </param>
        <param datatype="string" defaultvalue="" description="" encode="false" format="None" formatvalue="" name="idCliente" order="" sms-name="" src="//ns2:validarUsuarioResponse/MyDfsResponse/contenido/response/cliente/idCliente" sourcevalue="" srcformatvalue="" target="response" targetdatatype="" value="">
            <accessType></accessType>
        </param>
        <param datatype="string" defaultvalue="" description="" encode="false" format="None" formatvalue="" name="idUsuario" order="" sms-name="" src="//ns2:validarUsuarioResponse/MyDfsResponse/contenido/response/idUsuario" sourcevalue="" srcformatvalue="" target="response" targetdatatype="" value="">
            <accessType></accessType>
        </param>
        <param datatype="number" defaultvalue="" description="" encode="false" format="None" formatvalue="" name="opstatus" order="" sms-name="" src="" sourcevalue="" srcformatvalue="" target="" targetdatatype="" value="">
            <accessType></accessType>
        </param>
        <param datatype="string" defaultvalue="" description="" encode="false" format="None" formatvalue="" name="errmsg" order="" sms-name="" src="" sourcevalue="" srcformatvalue="" target="" targetdatatype="" value="">
            <accessType></accessType>
        </param>
        <param datatype="number" defaultvalue="" description="" encode="false" format="None" formatvalue="" name="httpStatusCode" order="" sms-name="" src="" sourcevalue="" srcformatvalue="" target="" targetdatatype="" value="">
            <accessType></accessType>
        </param>
    </service-output>
</service>
